Eu Corp.|Rue Falise 98|9233|Wieze|08:30-19:00|Belgium|B2                       ,B3,B4
FaucibusLLP|Rue de Fichermont 62|7491|Aartrijke|Belgium|09:00-21:00|B1         ,B5,B6
Blandit Nam LLP|Brantingsgatan 4|31324|Mora|Sweden|07:00-19:30|B2              ,B3,B4
Varius Ultrices Company|Sempervägen 14|29000|Tranås|Sweden|08:30-20:45|B1      ,B3
Risus |Metus Straße 8575|52807|Bremen|Germany|10:00-20:00|B1                   ,B4,B5,B6
Quisque Inc.|Duisgatan 75|32001|Lidköping|Sweden|09:30-19:30|B2                ,B3,B4
In Lorem Donec LLC|Chemin Royal 22|5158|PiŽtrebais|Belgium|07:30-18:00|B2      ,B4,B6
Eu Odio Tristique Company|Hauptstraße 43|82901|Stralsund|Germany|08:00-17:30|B2,B3,B5
Lorem Auctor Quis LLC|Cuevas 408|209777|Ercilla|Chile|09:30-20:00|B2           ,B3,B5
Elit Limited|Av. Egestas 203|218895|Penco|Chile|08:30-22:00|B3                 ,B4,B5,B6
Pede LLC|Av. Libero 782|338708|Quellón|Chile|09:00-21:00|B4                    ,B5,B6